Id,ItemName,Description
1,android1,SmartPhone
2,android2,SmartPhone
3,android3,SmartPhone
4,android4,SmartPhone
5,android5,SmartPhone
6,android6,SmartPhone
7,android7,SmartPhone
8,android8,SmartPhone
9,android9,SmartPhone
10,android10,SmartPhone
11,android11,SmartPhone
12,android12,SmartPhone
13,android13,SmartPhone
14,android14,SmartPhone
15,android15,SmartPhone
16,android16,SmartPhone
17,android17,SmartPhone
18,android18,SmartPhone
19,android19,SmartPhone
20,android20,SmartPhone
21,android21,SmartPhone
22,android22,SmartPhone
23,android23,SmartPhone
24,android24,SmartPhone
25,android25,SmartPhone
26,android26,SmartPhone
27,android27,SmartPhone
28,android28,SmartPhone
29,android29,SmartPhone
30,android30,SmartPhone
31,android31,SmartPhone
32,android32,SmartPhone
33,android33,SmartPhone
34,android34,SmartPhone
35,android35,SmartPhone
36,android36,SmartPhone
37,android37,SmartPhone
38,android38,SmartPhone
39,android39,SmartPhone
40,android40,SmartPhone
41,android41,SmartPhone
42,android42,SmartPhone
43,android43,SmartPhone
44,android44,SmartPhone
45,android45,SmartPhone
46,android46,SmartPhone
47,android47,SmartPhone
48,android48,SmartPhone
49,android49,SmartPhone
50,android50,SmartPhone